Key,Array
B00006L9LC,"[73.59383392333984, 18.458389282226562, 9.554134368896484, 47.115966796875, 76.7577133178711, 2.579188823699951, 60.666908264160156, 84.56146240234375, 32.44572067260742, 18.211576461791992, 76.05353546142578, 21.559463500976562, 39.79469680786133, 61.93489456176758, 20.292724609375, 23.177555084228516, 43.47625732421875, 78.99744415283203, 61.11040115356445, 55.08786392211914, 2.196746349334717, 5.604761123657227, 0.760341227054596, -0.33657753467559814, 21.364452362060547, 24.905771255493164, 46.420372009277344, 68.84788513183594, 0.0, 54.16330337524414, 0.0, 13.326921463012695, 52.7821044921875, 60.76107406616211, 10.08926010131836, 9.246127128601074, 27.5421142578125, 25.681018829345703, 2.077385187149048, 75.17497253417969]"
B0006O10P4,"[4.949855327606201, 0.0, 0.39153358340263367, 2.618881940841675, 4.949855327606201, 0.0, 0.906194806098938, 4.335058689117432, 1.1369941234588623, 0.0, 4.949855327606201, 2.618881940841675, 0.22113478183746338, 2.6697540283203125, 0.050872139632701874, 0.0, 0.0, 4.895357608795166, 2.789280414581299, 0.4229404032230377, 0.0, 0.0, 0.0, 0.0, 0.04086105525493622, 0.04086105525493622, 2.397747278213501, 0.7091039419174194, 0.0, 0.35067251324653625, 0.0, 0.0, 2.7992918491363525, 4.949855327606201, 0.0, 0.0, 0.375248521566391, 0.050872139632701874, 0.0, 4.949855327606201]"
B0009RF9DW,"[64.0166015625, 8.030421257019043, 4.816891670227051, 26.81697654724121, 65.37903594970703, 2.8720297813415527, 56.205509185791016, 65.10491943359375, 40.772117614746094, 6.79136848449707, 66.0787124633789, 40.34616470336914, 37.6409797668457, 42.513893127441406, 9.682687759399414, 22.33914566040039, 11.42805290222168, 51.44895553588867, 36.18143081665039, 35.95964813232422, 0.9159838557243347, 18.933387756347656, 0.24047069251537323, -0.33658039569854736, 8.792877197265625, 10.142038345336914, 24.709680557250977, 50.35523223876953, 0.0, 41.639312744140625, 0.0, 5.070959091186523, 36.55827713012695, 33.25831985473633, 26.76474952697754, 3.671245813369751, 27.045560836791992, 14.20987606048584, -0.5306915044784546, 55.739864349365234]"
B000FI4S1E,"[62.74726867675781, 3.6994333267211914, 7.518184185028076, 32.63365936279297, 63.632450103759766, 5.189530849456787, 45.84082794189453, 65.59717559814453, 38.82364273071289, 7.074039459228516, 67.59830474853516, 45.627464294433594, 31.856334686279297, 49.5020751953125, 9.515995025634766, 10.735025405883789, 19.31641960144043, 58.145565032958984, 41.79715347290039, 28.682987213134766, 4.120118618011475, 19.903676986694336, 0.9232143759727478, 0.0, 6.375374794006348, 12.755512237548828, 35.449092864990234, 41.27122497558594, 0.0, 37.86433029174805, 0.0, 8.936326026916504, 43.599082946777344, 37.325843811035156, 18.25481414794922, 3.2473714351654053, 19.52186393737793, 14.310735702514648, -0.20509853959083557, 58.736366271972656]"
B000FOI48G,"[0.2042515128850937, 0.17868760228157043, 0.0, 0.0, 1.0065771341323853, 0.0, 0.9676315188407898, 1.4023168087005615, 0.2716180086135864, 0.45030564069747925, 0.2716180086135864, 0.0, -1.5191909074783325, 0.2716180086135864, 0.17868760228157043, 0.17868760228157043, 0.17868760228157043, -0.056520093232393265, 1.2807306051254272, 0.7349591255187988, 0.0, 0.0, 0.0, 0.0, 0.0, 0.4633411169052124, 0.17868760228157043, 0.45030564069747925, 0.0, 0.411359965801239, 0.0, 0.17868760228157043, 0.17868760228157043, 0.6829779148101807, 0.5432360172271729, 0.17868760228157043, -0.28919243812561035, 0.17868760228157043, 0.31056371331214905, -0.5633457899093628]"
B000GLRREU,"[5.340414524078369, 0.6677964329719543, 0.37644803524017334, 1.0105541944503784, 2.1757144927978516, -0.11721178889274597, 3.9400572776794434, 6.598358631134033, 0.4431838393211365, 0.600753664970398, 2.4323489665985107, 0.9670377373695374, 6.205167770385742, 0.9739755988121033, 1.525537133216858, 4.620996952056885, 0.5560566186904907, 7.450411796569824, 5.172334671020508, 3.436340093612671, 0.1736036241054535, 0.9670377373695374, 0.0, 0.0, -0.44619324803352356, 1.7337067127227783, 3.4176583290100098, 2.0357322692871094, 0.0, 1.7706358432769775, 0.0, 0.6677964329719543, 2.539036512374878, 1.5970861911773682, 1.9884518384933472, 0.42715007066726685, 5.282827377319336, 0.600753664970398, 0.14435432851314545, 3.630948066711426]"
B000LIBUBY,"[2.695783853530884, 0.0, 0.0, 2.022784471511841, 3.189300060272217, 0.14651672542095184, 2.549267053604126, 3.189300060272217, 0.6729993224143982, 0.0, 4.949889183044434, 0.0, 0.0, 2.022784471511841, 0.0, 0.0, 2.022784471511841, 2.1693012714385986, 2.1693012714385986, 2.695783853530884, 0.0, 0.0, 0.0, 0.0, 2.022784471511841, 0.0, 2.022784471511841, 2.022784471511841, 0.0, 2.022784471511841, 0.0, 0.0, 2.549267053604126, 2.1693012714385986, 0.0, 0.0, 0.0, 0.0, 0.0, 2.695783853530884]"
B000NKJIXM,"[6.075128555297852, 3.062883138656616, 0.4776303172111511, 1.2673513889312744, 2.5356221199035645, 0.37564170360565186, 6.814998626708984, 3.5697922706604004, 0.6998250484466553, 3.4385247230529785, 3.9732987880706787, 0.2708764970302582, 0.6314558982849121, 2.4571642875671387, 3.724574565887451, 3.348870038986206, 3.2620091438293457, 2.5467941761016846, 4.099250793457031, 9.219345092773438, 0.37564170360565186, 0.0, 0.05330686271190643, 0.0, 2.0338449478149414, 3.434992790222168, 11.314824104309082, 5.936037540435791, 0.0, 4.9637250900268555, 0.0, 2.8863675594329834, 4.810577869415283, 1.9916173219680786, -1.9666433334350586, 2.8863675594329834, 7.0148186683654785, 8.768272399902344, 0.1961113065481186, 10.234574317932129]"
B000PKKAGO,"[3.1833720207214355, 0.41496846079826355, 3.1833720207214355, 1.145361304283142, 3.1833720207214355, 0.0, 3.1833720207214355, 3.1833720207214355, -0.8134152293205261, 0.41496846079826355, 3.1833720207214355, 0.0, 3.1833720207214355, -1.439584493637085, 3.1657042503356934, 3.1430861949920654, -0.49799081683158875, 3.1833720207214355, 3.1833720207214355, 3.1833720207214355, 0.0, 0.0, 0.0, 0.0, 3.1833720207214355, 3.1833720207214355, 3.1833720207214355, 3.1833720207214355, 0.0, 3.1833720207214355, 0.0, -1.2283836603164673, 1.777953028678894, 3.1833720207214355, 0.24650441110134125, 0.0, 3.1833720207214355, 2.7648701667785645, -0.41210341453552246, 3.1833720207214355]"
B000URXP6E,"[164.9271697998047, 24.3436336517334, 26.311864852905273, 84.59884643554688, 181.60333251953125, 16.405607223510742, 153.69200134277344, 192.37762451171875, 118.7103042602539, 23.66187286376953, 184.5175323486328, 99.54793548583984, 82.34021759033203, 134.1169891357422, 20.923816680908203, 65.42671966552734, 44.55234146118164, 147.0734100341797, 119.10669708251953, 93.45252990722656, 7.099829196929932, 38.183502197265625, 1.6589164733886719, 0.0, 9.628854751586914, 33.60888671875, 58.73359680175781, 131.24917602539062, 0.0, 92.81271362304688, 0.0, 4.8508477210998535, 102.21991729736328, 89.40465545654297, 49.95948028564453, 4.015109062194824, 60.92767333984375, 44.053443908691406, 3.3860690593719482, 161.57852172851562]"
B000VUXCGI,"[0.5077455639839172, 0.3612293601036072, 0.18243995308876038, -0.08840472996234894, 1.0461803674697876, 0.14651624858379364, 0.38341718912124634, 1.9042285680770874, 0.8673909902572632, 0.3612293601036072, 0.8673909902572632, 0.18243995308876038, 0.178789421916008, 0.18243995308876038, 0.178789421916008, 1.170508861541748, 0.178789421916008, 1.3170251846313477, 0.9218519926071167, 0.20097722113132477, 0.0, 0.0, 0.0, 0.0, 0.0, 0.178789421916008, 0.3612293601036072, 1.1341272592544556, 0.0, 1.2556591033935547, 0.0, 0.178789421916008, 0.5077455639839172, 1.3170251846313477, -0.3951731026172638, 0.178789421916008, 0.3612293601036072, 0.178789421916008, 0.0, 0.11257248371839523]"
B000VV1YOY,"[0.6674417853355408, 0.0, 0.19646073877811432, 0.12122256308794022, 0.2360597848892212, 0.0, 0.7110378742218018, 1.0071396827697754, 0.2360597848892212, 0.0, 1.1820189952850342, 0.11483721435070038, 0.6073997616767883, 0.11483721435070038, 0.19646073877811432, 0.0, 0.2360597848892212, 0.3112979531288147, 0.7110378742218018, 0.19646073877811432, 0.0, 0.0, 0.0, 0.0, 0.19646073877811432, 0.19646073877811432, 0.37133997678756714, 0.4861772358417511, 0.0, 0.3112979531288147, 0.0, 0.0, 0.0, 0.771079957485199, 0.0, 0.0, 0.596200704574585, 0.0, 0.1748792678117752, 0.4109390377998352]"
B0010ZBORW,"[27.672975540161133, 4.463726997375488, 11.478257179260254, 10.404831886291504, 21.972026824951172, 0.2429082691669464, 28.68712615966797, 24.92774200439453, 5.571763038635254, 2.6735973358154297, 24.684295654296875, 1.0027824640274048, 13.650612831115723, 9.525918960571289, 11.781319618225098, 10.463786125183105, 3.8109145164489746, 20.05708122253418, 33.50761032104492, 28.346153259277344, 0.0, 0.7021034955978394, 2.401559829711914, 0.0, 12.726761817932129, 17.03022003173828, 13.658924102783203, 28.47694206237793, 0.0, 22.69851303100586, 0.0, 0.7876253128051758, 17.80487823486328, 22.48436164855957, 9.504892349243164, 1.127519965171814, 18.7044620513916, 11.21169662475586, 0.1508387327194214, 26.41920280456543]"
B00112DRHY,"[0.12963460385799408, 0.0, 0.12963460385799408, 0.12963460385799408, 0.12963460385799408, 0.12963460385799408, -0.14446280896663666, 0.12963460385799408, 0.12963460385799408, 0.12963460385799408, 0.12963460385799408, 0.0, 0.12963460385799408, 0.12963460385799408, 0.12963460385799408, 0.0, 0.12963460385799408, 0.12963460385799408, 0.12963460385799408, 0.12963460385799408, -0.563023030757904, 0.0, 0.0, 0.0, 0.0, 0.12963460385799408, 0.12963460385799408, 0.12963460385799408, 0.0, 0.12963460385799408, 0.0, 0.0, 0.12963460385799408, 0.0, 0.0, 0.0, 0.0, 0.12963460385799408, 0.0, 0.12963460385799408]"
B0011FYB5I,"[0.17390023171901703, 0.0, 0.17390023171901703, 0.17390023171901703, 0.17390023171901703, 0.17390023171901703, 0.17390023171901703, 0.17390023171901703, 0.17390023171901703, 0.17390023171901703, 0.17390023171901703, 0.0, 0.17390023171901703, 0.17390023171901703, 0.17390023171901703, 0.0, 0.17390023171901703, 0.17390023171901703, 0.34780046343803406, 0.17390023171901703, 0.17390023171901703, 0.0, 0.0, 0.0, 0.0, 0.17390023171901703, 0.17390023171901703, 0.17390023171901703, 0.0, 0.17390023171901703, 0.0, 0.0, 0.17390023171901703, 0.0, 0.0, 0.0, 0.0, 0.17390023171901703, 0.0, 0.17390023171901703]"
B0012XPRO8,"[1.5683976411819458, 0.6278007626533508, -0.13748671114444733, 0.3221432566642761, 2.171252727508545, 0.34738466143608093, -0.31322988867759705, 2.3260338306427, 1.4132615327835083, 2.0663037300109863, 0.10118251293897629, -0.025241393595933914, 0.41614773869514465, 1.4254682064056396, 0.4903140068054199, 0.07138580828905106, 0.9751853942871094, -0.6167773604393005, 1.6328812837600708, -2.668370246887207, 0.34738466143608093, 0.0, 0.0, 0.0, 0.7744966149330139, -0.19532498717308044, 0.7420180439949036, -0.6677926182746887, 0.0, 0.4903140068054199, 0.0, 0.6278007626533508, 0.4187704622745514, 1.4605103731155396, 1.1033248901367188, 0.6278007626533508, -0.32368138432502747, 0.5085746049880981, 1.091118335723877, -0.4635148048400879]"
B0012Y0ZG2,"[287.7257385253906, 29.99452018737793, 29.788625717163086, 145.90850830078125, 299.76416015625, 22.554380416870117, 232.3064422607422, 302.42828369140625, 193.71661376953125, 30.23042869567871, 303.4849853515625, 161.2755584716797, 154.12440490722656, 213.59434509277344, 53.25880813598633, 86.17558288574219, 91.37344360351562, 256.0269775390625, 193.7490997314453, 161.34750366210938, 8.148118019104004, 73.37308502197266, 2.089806079864502, -0.39915990829467773, 41.76762390136719, 47.571434020996094, 125.736083984375, 208.8013916015625, 0.044674165546894073, 162.42990112304688, 0.0, 21.828289031982422, 166.0736846923828, 173.38519287109375, 97.45735931396484, 6.698460578918457, 88.35257720947266, 54.20413589477539, 10.172451972961426, 264.632080078125]"
B0013NB7DW,"[8.5802001953125, 5.001396656036377, 0.4103347361087799, 7.987199783325195, 8.321155548095703, 0.40873366594314575, 3.467444658279419, 8.468976974487305, 5.957845687866211, 3.5202269554138184, 9.821640968322754, 8.513492584228516, 5.655879020690918, 8.789393424987793, 5.2277069091796875, 6.437674045562744, 3.310035467147827, 9.604342460632324, 7.685396194458008, 4.746809005737305, 0.43598031997680664, -0.02724665030837059, 0.0, 0.0, 3.889836549758911, 3.2549891471862793, 8.053145408630371, 6.115124702453613, 0.0, 5.564207077026367, 0.0, 2.8740551471710205, 9.193887710571289, 6.216854095458984, 2.2158780097961426, 2.8740551471710205, 5.299937725067139, 5.564207077026367, 0.12649522721767426, 9.299973487854004]"
B0014SQQ3M,"[0.0, 0.0, 0.0, 0.0, 0.7191669344902039, 0.0, 0.37770000100135803, 0.37770000100135803, 0.0, 0.0, 0.37770000100135803, 0.0, 0.0, 0.37770000100135803, 0.37770000100135803, 0.0, 0.0, 0.0, 0.37770000100135803, 0.0, 0.0, 0.0, 0.0, 0.0, 0.0, 0.0, 0.37770000100135803, 0.37770000100135803, 0.0, 0.37770000100135803, 0.0, 0.0, 0.0, 0.0, 0.0, 0.0, 0.0, 0.37770000100135803, 0.0, 0.7191669344902039]"
B0017TZD7S,"[3.9766671657562256, 0.4566241502761841, 0.1726878583431244, 3.2226219177246094, 4.213954925537109, 0.0, 4.026012420654297, 4.213954925537109, 0.0, 0.4566241502761841, 4.213954925537109, 0.0, 4.213954925537109, 3.2226219177246094, 4.213954925537109, 0.6307026147842407, 3.679246187210083, 4.0859456062316895, 3.8519341945648193, 3.6982929706573486, 0.0, 0.0, 0.0, 0.0, 3.3321638107299805, 0.6293119788169861, 2.8246562480926514, 3.971020221710205, 0.0, 3.8519341945648193, 0.0, 4.213954925537109, 3.8533246517181396, 4.213954925537109, 0.0, 0.4566241502761841, 4.213954925537109, 0.4566241502761841, 0.0, 4.213954925537109]"
B001E96LUO,"[4.384968280792236, 0.35713937878608704, 0.0, 0.3632202446460724, 3.264260768890381, 0.02500321716070175, 4.563241958618164, 3.523043394088745, 1.9426993131637573, 2.2998387813568115, 3.3302974700927734, 0.0, 2.318897008895874, 2.6831555366516113, 0.7593784928321838, 0.3761976659297943, 0.35713937878608704, 2.791288375854492, 2.4049065113067627, 4.207993030548096, 0.0, 0.02500321716070175, 0.0, 0.0, 1.6152349710464478, 0.35713937878608704, 2.867274522781372, 4.874539852142334, 0.0, 2.6145973205566406, 0.0, 0.35713937878608704, 0.3821426033973694, 4.943789958953857, 3.828866481781006, 0.35713937878608704, 0.35713937878608704, 1.0725922584533691, 1.9426993131637573, 4.943789958953857]"
B001ET7FZE,"[12.661867141723633, 4.300150394439697, 1.6724624633789062, 2.879828929901123, 9.721184730529785, 0.2640502154827118, 12.205060005187988, 10.761165618896484, 2.3618619441986084, 2.2286624908447266, 12.026876449584961, 1.0079152584075928, 8.654397010803223, 5.799458980560303, 3.1918959617614746, 2.354008197784424, 1.1427247524261475, 9.79377555847168, 7.540802955627441, 13.150225639343262, 0.29759541153907776, 0.7922347784042358, 0.42294105887413025, 0.0, 5.17127799987793, 6.287386417388916, 9.95427417755127, 13.73072624206543, 0.0, 11.671167373657227, 0.0, 0.8451292514801025, 5.110317230224609, 11.311616897583008, 6.439767837524414, 0.8451292514801025, 9.128662109375, 7.164585590362549, 0.0, 13.836788177490234]"
B001LNODUS,"[4.614164352416992, 0.0, -0.38477519154548645, 2.1928353309631348, 4.614164352416992, 0.0777255967259407, 4.614164352416992, 4.614164352416992, 4.614164352416992, 0.0777255967259407, 4.614164352416992, 3.9849884510040283, 0.4413909912109375, 2.4580113887786865, -0.06005335599184036, 0.0747263953089714, 2.432460308074951, 4.614164352416992, 2.570227861404419, 4.614164352416992, 0.0777255967259407, 0.0, 0.0747263953089714, 0.0, 1.7903879880905151, -0.13477973639965057, 4.614164352416992, 4.614164352416992, 0.0, 4.614164352416992, 0.0, 3.483809471130371, 2.1181089878082275, 2.5276851654052734, 0.0747263953089714, 0.0, 4.614164352416992, 4.614164352416992, 0.0, 4.614164352416992]"
B001OHV1H4,"[71.49853515625, 10.339988708496094, 13.88805866241455, 41.772029876708984, 80.96710205078125, 7.351722717285156, 65.35111236572266, 82.98577880859375, 53.55081558227539, 15.36038589477539, 82.06413269042969, 33.65057373046875, 37.24808883666992, 57.719058990478516, 22.92563247680664, 25.54039764404297, 25.05046272277832, 64.65858459472656, 59.211700439453125, 49.84359359741211, 1.8677419424057007, 16.396400451660156, 2.2352898120880127, 0.0, 11.634391784667969, 23.469396591186523, 37.10922622680664, 55.14087677001953, 0.0, 50.8861198425293, 0.0, 8.20750904083252, 41.9855842590332, 49.42414855957031, 22.8277645111084, 1.038963794708252, 33.1094970703125, 16.82633399963379, 4.286477088928223, 69.6590576171875]"
B006IB5T4W,"[4.949840545654297, 0.0987493172287941, -0.28350210189819336, 0.0, 4.9257965087890625, 0.0, 4.949840545654297, 4.949840545654297, 4.949840545654297, 4.949840545654297, 1.6615749597549438, 0.0, 4.949840545654297, 4.949840545654297, 0.0987493172287941, 0.0987493172287941, 0.0987493172287941, 2.0438263416290283, 4.949840545654297, 4.949840545654297, 0.0, 0.0, 0.0, 0.0, 1.5198237895965576, -0.18475280702114105, 1.9020752906799316, 4.949840545654297, 0.0, 2.0438263416290283, 0.0, 0.0987493172287941, 0.1974986344575882, 4.949840545654297, 4.949840545654297, 0.0987493172287941, -0.18475280702114105, 0.0987493172287941, 4.949840545654297, 4.949840545654297]"
B007R6UXNY,"[-0.7014996409416199, 0.0, -0.14968229830265045, -0.06318433582782745, -0.027446703985333443, 0.0, -0.5792640447616577, 0.889196515083313, -0.06318433582782745, 0.0, -0.36894655227661133, -0.06318433582782745, -0.34149986505508423, -0.6150016784667969, 0.0, 0.0, 0.0, 0.13155360519886017, -0.4046842157840729, 0.14713314175605774, 0.0, 0.0, 0.0, 0.0, 0.0, -0.4046842157840729, 0.12381953001022339, -0.0864979550242424, 0.0, 0.2103174775838852, 0.0, 0.0, 0.0, -0.6150016784667969, 0.0, 0.0, 0.0, -0.0864979550242424, -0.48863300681114197, -0.7014996409416199]"
B007V6JNE0,"[-0.3983907699584961, 0.0, 1.678597092628479, 1.018765926361084, -0.46104276180267334, -0.23803803324699402, 0.41082245111465454, 0.5386419296264648, 0.7775996923446655, 0.38879984617233276, -0.0127190500497818, 0.38879984617233276, 1.1649208068847656, 0.7260915040969849, 1.1649208068847656, 0.0, 1.0308183431625366, 2.562603712081909, 0.6929171085357666, 0.926882803440094, 0.38879984617233276, 0.0, 0.0, 0.0, -0.009205691516399384, 2.034940242767334, 1.7181909084320068, 0.5824542045593262, 0.0, 0.5380829572677612, 0.0, 0.0, -0.23803803324699402, 0.04543071985244751, -0.6268379092216492, 0.0, 0.28346872329711914, 0.2345247119665146, -0.6268379092216492, 0.5879454612731934]"
B008YQM4A6,"[6.141555309295654, 1.272036075592041, 0.8878235816955566, 1.4805326461791992, 6.709138870239258, 0.145137757062912, 7.512331962585449, 5.695807456970215, 2.5586140155792236, 1.4539073705673218, 5.701868057250977, 1.3660979270935059, 2.4919843673706055, 4.7872772216796875, 5.7450852394104, 1.5726020336151123, 0.5145658254623413, 4.581784248352051, 5.806441783905029, 5.241934776306152, 0.18484178185462952, 0.3710690438747406, 0.2410469353199005, 0.0, -0.3297809362411499, 1.2611198425292969, 8.735090255737305, 5.605615139007568, 0.0, 5.18241548538208, 0.0, 0.33269450068473816, 1.884495496749878, 1.8148239850997925, 0.6121159195899963, 0.33269450068473816, 6.155069828033447, 8.252309799194336, 0.0, 5.972001075744629]"
B00AKP21KM,"[0.0, 0.0, 0.0, 0.0, 0.0, 0.0, 0.05449788644909859, 0.05449788644909859, 0.05449788644909859, 0.0, 0.0, 0.0, 0.0, 0.0, 0.0, 0.0, 0.0, 0.0, 0.05449788644909859, 0.0, 0.0, 0.0, 0.0, 0.0, 0.0, 0.0, 0.0, 0.0, 0.0, 0.0, 0.0, 0.0, 0.0, 0.0, 0.0, 0.0, 0.0, 0.0, 0.0, 0.0]"
B00CQ0LN80,"[0.2179919183254242, 0.0, 0.2179919183254242, 0.2179919183254242, 0.2179919183254242, 0.2179919183254242, 0.2179919183254242, 0.2179919183254242, 0.2179919183254242, 0.2179919183254242, 0.2179919183254242, 0.0, 0.2179919183254242, 0.2179919183254242, 0.2179919183254242, 0.0, 0.2179919183254242, 0.2179919183254242, 0.2179919183254242, 0.2179919183254242, 0.2179919183254242, 0.0, 0.0, 0.0, 0.0, 0.2179919183254242, 0.2179919183254242, 0.2179919183254242, 0.0, 0.2179919183254242, 0.0, 0.0, 0.2179919183254242, 0.0, 0.0, 0.0, 0.0, 0.2179919183254242, 0.0, 0.2179919183254242]"
B00CZH3K1C,"[3.7846791744232178, 0.13949380815029144, 3.745166778564453, 2.557553768157959, 3.7846791744232178, 0.0, 3.7846791744232178, 3.7846791744232178, -0.5296847820281982, 0.13949380815029144, 3.7846791744232178, 1.9706352949142456, 3.7846791744232178, 3.7846791744232178, 3.7846791744232178, 3.1372246742248535, 1.8387295007705688, 3.7846791744232178, 3.7846791744232178, 3.7846791744232178, 0.0, 0.0, 0.0, 0.0, 3.6543538570404053, 0.9110385179519653, 3.7846791744232178, 3.4034295082092285, 0.0, 3.5155980587005615, 0.0, 0.0, 3.7846791744232178, 3.7846791744232178, 1.4872180223464966, 0.0, 3.7846791744232178, 3.2363548278808594, 0.0, 3.7846791744232178]"
B00DY59MB6,"[1.6208916902542114, 0.8657998442649841, 0.3698785901069641, 0.16175465285778046, 1.418994426727295, 0.0, 2.086153507232666, 1.7947839498519897, 0.0, 0.6392032504081726, 0.9977337121963501, 0.0, 1.5560497045516968, 0.7704266309738159, 2.670313596725464, 0.8657998442649841, 0.6392032504081726, 1.1802010536193848, 1.8025401830673218, 1.5560497045516968, 0.0, 0.0, 0.0, 0.0, 0.6156584024429321, 1.0090817213058472, 1.4165077209472656, 1.6208916902542114, 0.0, 1.3942950963974, 0.0, 0.6392032504081726, 1.251013159751892, 1.2517236471176147, -0.378986656665802, 0.6392032504081726, 1.2517236471176147, 1.7292314767837524, 0.0, 2.237833023071289]"
B00EYZY6LQ,"[4.769479751586914, 0.8797328472137451, 0.8490222096443176, 1.4098453521728516, 5.858407020568848, 0.17827868461608887, 5.749188423156738, 5.000465393066406, 2.4333131313323975, 1.2746840715408325, 5.4797043800354, 1.6250241994857788, 6.102179527282715, 3.6213982105255127, 3.905245780944824, 2.5934062004089355, 1.773118495941162, 4.1254096031188965, 3.3707797527313232, 2.8862359523773193, 0.1599143147468567, 0.7449873685836792, 0.2804764211177826, 0.0, 0.6369805335998535, 1.7447001934051514, 2.5909671783447266, 2.9073405265808105, 0.0, 2.0776684284210205, 0.0, 1.058449625968933, 2.611438035964966, 2.8887407779693604, 1.377069115638733, 0.36769282817840576, 3.900113105773926, 1.4699780941009521, 0.2935820519924164, 4.442662239074707]"
B00HLXEXDO,"[-0.14854632318019867, -0.18214371800422668, -0.18214371800422668, -0.17056097090244293, -0.14854632318019867, 0.0, -0.14854632318019867, -0.14854632318019867, -0.34141895174980164, -0.18214371800422668, -0.34141895174980164, -0.16012907028198242, 0.02201465331017971, -0.16012907028198242, 0.0, -0.18214371800422668, 0.02201465331017971, -0.3530017137527466, -0.14854632318019867, 0.0, 0.0, 0.0, 0.0, 0.0, 0.0, 0.0, -0.17056097090244293, -0.16012907028198242, 0.0, 0.02201465331017971, 0.0, 0.0, -0.18214371800422668, 0.011582751758396626, 0.0, 0.0, -0.18214371800422668, 0.0, 0.0, -0.16012907028198242]"
B00IJHY54S,"[6.928112506866455, 1.201442837715149, 2.0972745418548584, 4.537778854370117, 6.644533634185791, 0.217991903424263, 6.604191303253174, 6.316839218139648, 4.711254119873047, 1.4063793420791626, 6.644411087036133, 3.4910871982574463, 2.8782637119293213, 5.351888656616211, 0.40983614325523376, 1.201442837715149, 2.039590358734131, 6.7661519050598145, 4.891583442687988, 4.534128665924072, 0.217991903424263, 1.6543238162994385, 0.013055259361863136, 0.0, 1.6428096294403076, 2.064159870147705, 2.2645492553710938, 3.889409065246582, 0.0, 4.683033466339111, 0.0, 0.17878900468349457, 4.703512668609619, 4.316136360168457, 1.6673791408538818, 0.17878900468349457, 1.2144979238510132, 0.3967808783054352, 0.0, 6.549681186676025]"
B00JF2GVWK,"[2.1747350692749023, 0.0, -0.004702397622168064, -0.02440296858549118, 2.051123857498169, 0.0, 1.9917253255844116, 2.007094621658325, 0.9081319570541382, 0.0, 2.051123857498169, 1.031743049621582, 0.952606737613678, 1.9917253255844116, 0.9599820375442505, 0.14323750138282776, -0.12361118197441101, 1.1202472448349, 0.23818881809711456, 1.2028732299804688, 0.0, 0.93253493309021, 0.0, 0.0, -0.004702397622168064, -0.004702397622168064, 0.0, 0.9278325438499451, 0.0, 1.0762180089950562, 0.0, 0.0, 1.8925169706344604, 1.1429919004440308, 0.93253493309021, 0.0, 1.054487943649292, 0.9599820375442505, 0.0, 1.9078863859176636]"
B00L1I1VMG,"[1.7857600450515747, 0.0, -0.06149465590715408, 0.20389284193515778, 0.7830426096916199, 0.0, 0.13609328866004944, 2.4548282623291016, 0.41271957755088806, 0.0, 1.41543710231781, 0.20882676541805267, 1.5461183786392212, 1.41543710231781, -0.06149465590715408, -0.25314435362815857, 0.37032294273376465, 1.0311335325241089, 0.0627380982041359, 1.149427890777588, 0.0, 0.20882676541805267, 0.0, 0.0, -0.25314435362815857, 0.0627380982041359, 0.34759023785591125, 2.077451229095459, 0.0, 0.029659314081072807, 0.0, 0.0, 0.20882676541805267, -0.0645076110959053, 1.2842779159545898, 0.0, 0.0, 1.107812523841858, 0.0, 3.1155831813812256]"
B00MTR49IG,"[-0.04034034535288811, 0.0, -0.06318336725234985, 0.022843027487397194, 0.022843027487397194, 0.0, -0.04034034535288811, -0.04034034535288811, -0.06537362933158875, 0.0, -0.04034034535288811, -0.06318336725234985, 0.022843027487397194, 0.04349580034613609, 0.0, 0.0, 0.0, 0.022843027487397194, -0.1263667345046997, -0.06318336725234985, 0.0, 0.0, 0.0, 0.0, 0.0, -0.1263667345046997, 0.0, 0.08602640777826309, 0.0, 0.0, 0.0, 0.0, 0.0, -0.04034034535288811, 0.0, 0.0, 0.08602640777826309, 0.0, 0.0, -0.1263667345046997]"
B00NT0AR7E,"[4.945992469787598, -0.19071745872497559, 2.078169822692871, 0.0, 3.5697944164276123, 0.0, -0.2679738700389862, 4.220390319824219, 1.4083341360092163, 0.0, 4.945992469787598, 0.0, 0.19651663303375244, 0.8952617049217224, 0.15206453204154968, 1.2562696933746338, 0.46449050307273865, -0.1560460478067398, 3.661011219024658, -1.2058576345443726, 0.0, 0.0, 0.0, 0.0, 2.545924663543701, 2.4047415256500244, 0.0, 2.922908306121826, 0.0, -0.2679738700389862, 0.0, 0.0, 0.0, 2.9789464473724365, -0.11590932309627533, 0.0, 2.4047415256500244, 0.0, -0.46775487065315247, 2.131129264831543]"
B00QXW95Q4,"[1.6543101072311401, 0.0, 0.8271550536155701, 0.8271550536155701, 1.6543101072311401, 0.0, 1.6543101072311401, 1.6543101072311401, 1.6543101072311401, 0.0, 1.6543101072311401, 1.6543101072311401, 0.8271550536155701, 1.6543101072311401, 0.0, 0.0, 0.0, 1.6543101072311401, 0.8271550536155701, 0.8271550536155701, 0.0, 0.8271550536155701, 0.0, 0.0, 0.0, 0.8271550536155701, 0.0, 0.8271550536155701, 0.0, 0.8271550536155701, 0.0, 0.0, 0.8271550536155701, 0.8271550536155701, 0.8271550536155701, 0.0, 0.0, 0.0, 0.0, 1.6543101072311401]"
B00RZYW4RG,"[6.998387813568115, 1.0300753116607666, 4.201290607452393, 6.494790077209473, 9.249813079833984, 0.8521818518638611, 7.484315872192383, 9.291887283325195, 6.67420768737793, 1.0300753116607666, 8.967707633972168, 6.67420768737793, 2.618474006652832, 8.967707633972168, 0.9977384805679321, 1.0300753116607666, 0.20445138216018677, 8.11552619934082, 4.4057416915893555, 4.320389747619629, 0.0, 3.12064790725708, 0.0, 0.0, 0.0, 3.743298053741455, 1.18832528591156, 6.424478530883789, 0.0, 2.618474006652832, 0.0, 0.0, 4.3089728355407715, 4.271300315856934, 3.12064790725708, 0.0, 1.0300753116607666, 1.4413176774978638, 0.0, 6.67420768737793]"
B00W259T7G,"[49.0871696472168, 6.156835556030273, 11.243727684020996, 19.062360763549805, 53.041839599609375, 2.9823639392852783, 43.822174072265625, 56.058921813964844, 25.11501121520996, 8.672457695007324, 52.4576301574707, 14.642740249633789, 26.376394271850586, 32.608421325683594, 13.276991844177246, 13.242501258850098, 13.15430736541748, 38.937469482421875, 33.898258209228516, 29.833024978637695, 2.6687002182006836, 2.7744646072387695, 0.7214299440383911, 0.0, 6.866012096405029, 10.1702241897583, 27.0282039642334, 32.19540023803711, 0.0, 27.133337020874023, 0.0, 1.0398985147476196, 26.197725296020508, 40.480804443359375, 5.3369574546813965, 0.7030835151672363, 38.16191864013672, 14.96187973022461, 5.067275524139404, 46.211544036865234]"
B016V8YWBC,"[0.8271650671958923, 0.0, 0.0, 0.0, 0.8271650671958923, 0.0, 0.8271650671958923, 0.8271650671958923, 0.8271650671958923, 0.0, 0.8271650671958923, 0.8271650671958923, 0.8271650671958923, 0.8271650671958923, 0.0, 0.0, 0.0, 0.8271650671958923, 0.0, 0.0, 0.0, 0.8271650671958923, 0.0, 0.0, 0.0, 0.0, 0.0, 0.8271650671958923, 0.0, 0.8271650671958923, 0.0, 0.0, 0.8271650671958923, 0.0, 0.8271650671958923, 0.0, 0.0, 0.0, 0.0, 0.8271650671958923]"
B019809F9Y,"[1.9699599742889404, 0.0, 0.0, 0.0, 1.3068557977676392, 0.0, 4.940255165100098, 1.6384079456329346, -0.33155205845832825, 0.0, 3.276815891265869, 0.0, 0.0, 1.6384079456329346, 0.0, 0.0, 0.0, 1.6384079456329346, 0.0, 1.9949917793273926, 0.0, 0.0, 0.0, 0.0, 1.9699599742889404, 0.0, 1.9699599742889404, 3.608367681503296, 0.0, 1.9699599742889404, 0.0, 0.0, 0.0, 3.608367681503296, 1.6384079456329346, 0.0, 1.6384079456329346, 0.0, 0.0, 1.9699599742889404]"
B019FWRG3C,"[4.949211120605469, 0.0, 2.4150407314300537, 4.799930572509766, 4.948528289794922, 2.375739097595215, 0.5778970122337341, 5.370415687561035, 1.236161231994629, 0.0, 5.076706409454346, 2.5232787132263184, 2.10603928565979, 4.95117712020874, -0.08070816099643707, 1.7790253162384033, 3.7196969985961914, 4.08395528793335, 5.4003400802612305, 1.486782193183899, 0.0, 0.0, 0.06363001465797424, 0.0, -0.012857622466981411, 0.5867385268211365, 2.8636536598205566, 4.364807605743408, 0.0, 0.7377394437789917, 0.0, 0.0, 2.375739097595215, 3.7246737480163574, 0.05743515491485596, 0.0, 0.07607509195804596, 0.0, 0.0, 3.9725193977355957]"
B01BNEYGQU,"[4.949803352355957, 0.0, 0.0, 0.6452316045761108, 1.2904632091522217, 0.0, 1.864937424659729, 1.6235603094100952, 0.0, 0.0, 0.6452316045761108, 0.0, 1.9497276544570923, 0.3365866243839264, 0.0, 0.7910528182983398, 0.6452316045761108, 3.505549669265747, 0.7910528182983398, 2.3059771060943604, 0.0, 0.0, 0.0, 0.0, 0.0, 0.6452316045761108, 4.738224029541016, 0.49124324321746826, 0.0, 0.0, 0.0, 0.0, 0.6452316045761108, 0.03380715847015381, 0.6452316045761108, 0.0, 1.4362844228744507, 0.0, 0.0, 2.073794364929199]"
B01DLR9IDI,"[4.14815616607666, 0.0, 0.16686953604221344, 4.681647777557373, 4.567592144012451, 0.5072301030158997, 0.32586994767189026, 1.0110132694244385, 2.9009368419647217, 0.1919296532869339, 4.227499008178711, 0.8438889980316162, 4.516319751739502, 5.075314998626709, 3.0118062496185303, 0.0, 0.21926823258399963, 3.567849636077881, 3.830406665802002, 0.6708595752716064, 0.1919296532869339, 0.2361617386341095, 0.0, 0.0, 0.20798078179359436, 0.39991044998168945, 4.568004131317139, 0.819153904914856, 0.044232070446014404, 0.21422383189201355, 0.0, -0.13299718499183655, 1.5969088077545166, 1.0933946371078491, 0.12463021278381348, 0.0, -0.11909958720207214, 0.39234238862991333, -1.8035342693328857, 1.2495753765106201]"
B01E7UKR38,"[12.816287994384766, 3.9040586948394775, 6.001253128051758, 10.07952880859375, 12.942980766296387, 1.9981398582458496, 9.91923713684082, 12.942980766296387, 10.503111839294434, 4.287115573883057, 12.700811386108398, 8.280478477478027, 5.5574870109558105, 11.838068008422852, 3.3987412452697754, 6.000399589538574, 6.747947692871094, 12.235457420349121, 12.942980766296387, 7.256038665771484, 0.172882542014122, 2.65555739402771, 0.06587342172861099, 0.0, 8.83990478515625, 2.3158793449401855, 10.44887924194336, 12.942980766296387, 0.0, 9.47897720336914, 0.0, 0.1417919397354126, 12.942980766296387, 10.798685073852539, 3.261310338973999, 0.1417919397354126, 6.286022663116455, 1.3605974912643433, 0.0, 11.828287124633789]"
